"Pathway"	"N"	"n_affected_genes"	"fraction_affected"	"Mutated_samples"	"Fraction_mutated_samples"
"NRF2"	3	1	0.333333333333333	1	0.04
"Cell_Cycle"	15	2	0.133333333333333	2	0.08
"MYC"	13	2	0.153846153846154	3	0.12
"TGF-Beta"	7	3	0.428571428571429	2	0.08
"TP53"	6	3	0.5	7	0.28
"WNT"	68	9	0.132352941176471	7	0.28
"PI3K"	29	9	0.310344827586207	10	0.4
"Hippo"	38	10	0.263157894736842	6	0.24
"RTK-RAS"	85	15	0.176470588235294	8	0.32
"NOTCH"	71	15	0.211267605633803	11	0.44
