"Tumor_Sample_Barcode"	"cluster"	"meanVaf"
"TCGA-A1-A0SH-01A-11D-A099-09"	"1"	0.197202216784462
"TCGA-A1-A0SH-01A-11D-A099-09"	"2"	0.42587464746055
"TCGA-A1-A0SH-01A-11D-A099-09"	"outlier"	0.0440251572327044
