"Tumor_Sample_Barcode"	"cluster"	"meanVaf"
"TCGA-A1-A0SP-01A-11D-A099-09"	"1"	0.0714687825535654
"TCGA-A1-A0SP-01A-11D-A099-09"	"2"	0.303907476911732
