"Tumor_Sample_Barcode"	"cluster"	"meanVaf"
"TCGA-A2-A04P-01A-31D-A128-09"	"2"	0.483524396059238
"TCGA-A2-A04P-01A-31D-A128-09"	"1"	0.136741556315991
"TCGA-A2-A04P-01A-31D-A128-09"	"outlier"	0.981698169816982
