"Tumor_Sample_Barcode"	"cluster"	"meanVaf"
"TCGA-A2-A04R-01A-41D-A117-09"	"1"	0.363402235513854
"TCGA-A2-A04R-01A-41D-A117-09"	"2"	0.444151602123907
