"Tumor_Sample_Barcode"	"cluster"	"meanVaf"
"TCGA-A2-A04Q-01A-21W-A050-09"	"2"	0.206293706293706
"TCGA-A2-A04Q-01A-21W-A050-09"	"1"	0.0795047999679461
