"Tumor_Sample_Barcode"	"cluster"	"meanVaf"
"TCGA-A1-A0SD-01A-11D-A10Y-09"	"2"	0.264907003024666
"TCGA-A1-A0SD-01A-11D-A10Y-09"	"1"	0.0871308185670729
"TCGA-A1-A0SD-01A-11D-A10Y-09"	"3"	0.438648160184499
