"Tumor_Sample_Barcode"	"cluster"	"meanVaf"
"TCGA-A1-A0SO-01A-22D-A099-09"	"3"	0.337419513281212
"TCGA-A1-A0SO-01A-22D-A099-09"	"2"	0.126801996252852
"TCGA-A1-A0SO-01A-22D-A099-09"	"1"	0.055158256010103
"TCGA-A1-A0SO-01A-22D-A099-09"	"4"	0.777708651392504
