"Tumor_Sample_Barcode"	"cluster"	"meanVaf"
"TCGA-5L-AAT1-01A-12D-A41F-09"	"2"	0.17084211120421
"TCGA-5L-AAT1-01A-12D-A41F-09"	"3"	0.266785727301943
"TCGA-5L-AAT1-01A-12D-A41F-09"	"1"	0.0596429006079165
"TCGA-5L-AAT1-01A-12D-A41F-09"	"outlier"	0.359969915568987
