"Tumor_Sample_Barcode"	"cluster"	"meanVaf"
"TCGA-A1-A0SK-01A-12D-A099-09"	"2"	0.395005022167902
"TCGA-A1-A0SK-01A-12D-A099-09"	"1"	0.0956998092288338
"TCGA-A1-A0SK-01A-12D-A099-09"	"3"	0.952562509935727
