"Tumor_Sample_Barcode"	"cluster"	"meanVaf"
"TCGA-A1-A0SI-01A-11D-A142-09"	"1"	0.208487862900545
"TCGA-A1-A0SI-01A-11D-A142-09"	"2"	0.417972173470706
"TCGA-A1-A0SI-01A-11D-A142-09"	"outlier"	0.619047619047619
