"Tumor_Sample_Barcode"	"cluster"	"meanVaf"
"TCGA-3C-AAAU-01A-11D-A41F-09"	"1"	0.0966802785168767
"TCGA-3C-AAAU-01A-11D-A41F-09"	"2"	0.283372069747107
"TCGA-3C-AAAU-01A-11D-A41F-09"	"3"	0.771799628942486
"TCGA-3C-AAAU-01A-11D-A41F-09"	"outlier"	0.409090909090909
