"Tumor_Sample_Barcode"	"cluster"	"meanVaf"
"TCGA-A1-A0SM-01A-11D-A099-09"	"1"	0.0807933555788919
"TCGA-A1-A0SM-01A-11D-A099-09"	"2"	0.334910556979842
